{"cameraMode":{"drawMode":0,"name":"Shaded","section":"Shading Mode"},"sceneLighting":false,"audioPlay":false,"sceneViewState":{"m_AlwaysRefresh":false,"showFog":true,"showSkybox":false,"showFlares":true,"showImageEffects":true,"showParticleSystems":true,"showVisualEffectGraphs":true,"m_FxEnabled":true},"in2DMode":false,"pivot":{"x":1.4450197219848633,"y":-0.5870189666748047,"z":-0.2615470886230469},"rotation":{"x":0.246176615357399,"y":-0.13947580754756928,"z":0.03582461178302765,"w":0.9585124254226685},"size":11.058140754699707,"orthographic":false}